Workbook

Sheet Cover
A1: LAB-2: SDLC MODEL SELECTION AS A MULTI-CRITERIA DECISION
A3: Course | B3: Advanced Software Engineering (M.Tech)
A4: Team | B4: T2
A5: Assigned System | B5: Rural Telemedicine Appointment & e-Prescription Platform
A6: Key Challenges | B6: Low bandwidth, privacy, availability, usability
A7: Unit | B7: Unit 2
A8: CO Mapping | B8: CO1, CO3
A9: Bloom Level | B9: Analyze -> Evaluate
A11: Sheet Guide
A12: - System Profile - D1: Requirements/risk/regulatory profile of the system
A13: - Criteria&Weights - D2/D3: 9 criteria with weights (must total 100)
A14: - Decision Matrix - D4: 7-model scoring matrix with live weighted-score formulas
A15: - Ranking - D5: Auto-ranked models from the Decision Matrix
A16: - Sensitivity - D6: +/-5 point weight swaps, re-testing the winner

Sheet System Profile
A1: D1 - SYSTEM PROFILE (Team T2: Rural Telemedicine Platform)
A2: Profile Dimension | B2: Assessment | C2: Justification
A3: Requirements volatility | B3: Medium | C3: Core telemedicine functions (video, scheduling) are stable, but rural adaptations (low-bandwidth handling, local dialects) may require iteration.
A4: Project size | B4: Medium | C4: The platform focuses on targeted modules: appointments, e-prescriptions, and basic user management.
A5: Team distribution | B5: Low | C5: Assuming a standard, co-located university development team for this project.
A6: Risk exposure | B6: High | C6: Incorrect e-prescriptions or dropped connections during critical consultations pose severe health risks.
A7: Regulatory burden | B7: High | C7: Medical data, patient privacy, and e-prescription legality require strict compliance with health data laws.
A8: Customer availability | B8: Low | C8: Rural patients and busy healthcare providers have limited availability for continuous feedback.
A9: Contract type | B9: Flexible | C9: Internal academic project context allows for adaptable scope.
A10: Delivery urgency | B10: High | C10: Improving rural healthcare access is a critical, time-sensitive need.
A11: Defect tolerance | B11: Very Low | C11: Software bugs in e-prescriptions or appointment routing can lead to medical emergencies.
A12: Technology uncertainty | B12: Medium | C12: Telemedicine APIs and e-prescription standards are established, but reliable performance over unstable, low-bandwidth rural networks introduces moderate technical uncertainty.
A13: Security/privacy requirement | B13: Extremely High | C13: The system handles sensitive PHI and legally binding e-prescriptions, requiring end-to-end encryption, strict access control, and compliance with data-protection regulations (e.g. HIPAA or local equivalents).
A14: Integration complexity | B14: High | C14: Must integrate with external pharmacy databases, secure payment gateways, and potentially existing regional EHR systems.

Sheet Criteria&Weights
A1: D2/D3 - DECISION CRITERIA AND WEIGHTS (Sum must equal 100)
A2: Code | B2: Criterion | C2: Weight (%) | D2: Justification
A3: C1 | B3: Requirements volatility | C3: 10 | D3: Rural network constraints may force adjustments, but core telehealth needs are well-defined.
A4: C2 | B4: Project size | C4: 5 | D4: It is a moderately sized platform; scale is not the primary driver.
A5: C3 | B5: Team distribution | C5: 5 | D5: The team is likely co-located, reducing coordination risks.
A6: C4 | B6: Risk exposure | C6: 20 | D6: High risk of medical errors from usability issues or dropped connections.
A7: C5 | B7: Regulatory burden | C7: 15 | D7: Must adhere strictly to medical privacy laws for patient data.
A8: C6 | B8: Customer availability | C8: 10 | D8: Rural users and doctors are hard to reach for constant daily feedback.
A9: C7 | B9: Contract type | C9: 5 | D9: A flexible academic environment reduces contractual pressure.
A10: C8 | B10: Delivery urgency | C10: 10 | D10: High need for the solution in underserved areas.
A11: C9 | B11: Defect tolerance | C11: 20 | D11: Zero tolerance for prescribing errors or lost medical records.
B12: TOTAL | C12: =SUM(C3:C11) -> 100 | D12: =IF(C12=100,"OK - weights sum to 100","CHECK WEIGHTS!") -> OK - weights sum to 100

Sheet Decision Matrix
A1: D4 - SEVEN-MODEL WEIGHTED DECISION MATRIX (Score 1=Very poor .. 5=Excellent)
A2: Code | B2: Criterion | C2: Weight % | D2: Waterfall | E2: Incremental | F2: Prototyping | G2: Spiral | H2: V-Model | I2: Component-Based | J2: Scrum
A3: C1 | B3: Requirements volatility | C3: ='Criteria&Weights'!C3 -> 10 | D3: 1 | E3: 4 | F3: 5 | G3: 4 | H3: 2 | I3: 3 | J3: 5
A4: C2 | B4: Project size | C4: ='Criteria&Weights'!C4 -> 5 | D4: 3 | E4: 3 | F4: 2 | G4: 4 | H4: 4 | I4: 4 | J4: 3
A5: C3 | B5: Team distribution | C5: ='Criteria&Weights'!C5 -> 5 | D5: 4 | E5: 3 | F5: 3 | G5: 3 | H5: 3 | I5: 3 | J5: 2
A6: C4 | B6: Risk exposure | C6: ='Criteria&Weights'!C6 -> 20 | D6: 2 | E6: 3 | F6: 2 | G6: 5 | H6: 4 | I6: 2 | J6: 3
A7: C5 | B7: Regulatory burden | C7: ='Criteria&Weights'!C7 -> 15 | D7: 4 | E7: 3 | F7: 1 | G7: 4 | H7: 5 | I7: 3 | J7: 2
A8: C6 | B8: Customer availability | C8: ='Criteria&Weights'!C8 -> 10 | D8: 2 | E8: 4 | F8: 5 | G8: 4 | H8: 3 | I8: 3 | J8: 1
A9: C7 | B9: Contract type | C9: ='Criteria&Weights'!C9 -> 5 | D9: 5 | E9: 3 | F9: 2 | G9: 3 | H9: 4 | I9: 4 | J9: 2
A10: C8 | B10: Delivery urgency | C10: ='Criteria&Weights'!C10 -> 10 | D10: 1 | E10: 4 | F10: 4 | G10: 3 | H10: 2 | I10: 4 | J10: 5
A11: C9 | B11: Defect tolerance | C11: ='Criteria&Weights'!C11 -> 20 | D11: 4 | E11: 3 | F11: 1 | G11: 5 | H11: 5 | I11: 3 | J11: 3
B12: Weighted Total (Sum[Weight x Score]) | D12: =SUMPRODUCT($C$3:$C$11,D3:D11) -> 280 | E12: =SUMPRODUCT($C$3:$C$11,E3:E11) -> 330 | F12: =SUMPRODUCT($C$3:$C$11,F3:F11) -> 250 | G12: =SUMPRODUCT($C$3:$C$11,G3:G11) -> 420 | H12: =SUMPRODUCT($C$3:$C$11,H3:H11) -> 380 | I12: =SUMPRODUCT($C$3:$C$11,I3:I11) -> 300 | J12: =SUMPRODUCT($C$3:$C$11,J3:J11) -> 295
B13: % of Maximum Possible Score (Total/500) | D13: =D12/500 -> 0.56 | E13: =E12/500 -> 0.66 | F13: =F12/500 -> 0.5 | G13: =G12/500 -> 0.84 | H13: =H12/500 -> 0.76 | I13: =I12/500 -> 0.6 | J13: =J12/500 -> 0.59

Sheet Ranking
A1: D5 - FINAL RANKING AND RECOMMENDATION
A2: Rank | B2: SDLC Model | C2: Weighted Score (%) | D2: Reason
A3: =RANK('Decision Matrix'!D12,'Decision Matrix'!$D$12:$J$12,0) -> 6 | B3: Waterfall | C3: ='Decision Matrix'!D13 -> 0.56 | D3: Too rigid for adapting to low bandwidth challenges and continuous usability testing.
A4: =RANK('Decision Matrix'!E12,'Decision Matrix'!$D$12:$J$12,0) -> 3 | B4: Incremental | C4: ='Decision Matrix'!E13 -> 0.66 | D4: Good balance of early delivery and adaptability, but lacks the heavy risk analysis needed for e-prescriptions.
A5: =RANK('Decision Matrix'!F12,'Decision Matrix'!$D$12:$J$12,0) -> 7 | B5: Prototyping | C5: ='Decision Matrix'!F13 -> 0.5 | D5: Highly dangerous for medical data due to poor defect tolerance and lack of rigorous regulatory focus.
A6: =RANK('Decision Matrix'!G12,'Decision Matrix'!$D$12:$J$12,0) -> 1 | B6: Spiral | C6: ='Decision Matrix'!G13 -> 0.84 | D6: Best handles the high risk exposure and strict defect tolerance required for medical systems.
A7: =RANK('Decision Matrix'!H12,'Decision Matrix'!$D$12:$J$12,0) -> 2 | B7: V-Model | C7: ='Decision Matrix'!H13 -> 0.76 | D7: Excellent for regulatory compliance and defect tracking, but weaker on handling rural connectivity adaptations.
A8: =RANK('Decision Matrix'!I12,'Decision Matrix'!$D$12:$J$12,0) -> 4 | B8: Component-Based | C8: ='Decision Matrix'!I13 -> 0.6 | D8: Moderate fit; depends heavily on whether secure, pre-built telehealth components are readily available.
A9: =RANK('Decision Matrix'!J12,'Decision Matrix'!$D$12:$J$12,0) -> 5 | B9: Scrum | C9: ='Decision Matrix'!J13 -> 0.59 | D9: Poor fit due to low customer availability (rural users can't do daily standups) and high regulatory needs.
A11: Winner vs Runner-up:
A12: Spiral outperformed the runner-up (V-Model) mainly due to Risk Exposure (C4) and Customer Availability (C6): (1) Spiral's explicit risk-analysis phases let the team prototype and resolve rural connectivity risks before locking in architecture; (2) Spiral tolerates sparse customer feedback via small evaluation spikes at the end of each cycle, whereas V-Model assumes stable, up-front requirements.

Sheet Sensitivity
A1: D6 - SENSITIVITY ANALYSIS (each swap keeps total weight = 100)
A2: Changed Criterion | B2: Original Wt. | C2: New Wt. | D2: Adjusted Criterion | E2: Adj. New Wt. | F2: Original Winner (Score) | G2: New Winner (Score) / Changed?
A3: Defect Tolerance | B3: 20 | C3: 15 | D3: Delivery Urgency / C8 | E3: 15 | F3: Spiral (420) | G3: Spiral (410) - No change
A4: Risk Exposure | B4: 20 | C4: 15 | D4: Requirements Volatility / C1 | E4: 15 | F4: Spiral (420) | G4: Spiral (415) - No change
A5: Regulatory Burden | B5: 15 | C5: 10 | D5: Customer Availability / C6 | E5: 15 | F5: Spiral (420) | G5: Spiral (420) - No change
A7: Conclusion: Spiral's lead is robust. Even after individually shifting each of the three most influential weights (Defect Tolerance, Risk Exposure, Regulatory Burden) by 5 points toward the next most relevant criterion, Spiral remains the top-ranked model, though the margin over V-Model narrows most when Regulatory Burden is reduced.

Sheet Recommendation
A1: D7/D8 - ENGINEERING RECOMMENDATION & ORAL DEFENCE SCRIPT
A2: Recommended Model | B2: Spiral
A3: System characteristics (20s) | B3: The T2 system is a rural telemedicine platform requiring e-prescriptions. The dominant constraints are severe risk exposure regarding patient health, strict regulatory compliance for medical data, low defect tolerance, and operation under low-bandwidth conditions.
A4: Selected model & rationale (20s) | B4: We selected the Spiral model. Its emphasis on continuous risk analysis makes it ideal for mitigating the dangers of medical data loss and prescription errors over poor networks, while still allowing for iterative usability testing with rural users.
A5: Most influential criteria (10s) | B5: Risk Exposure (C4) and Defect Tolerance (C9).
A6: Sensitivity result (10s) | B6: Decreasing the weight of Defect Tolerance while increasing Delivery Urgency narrowed the gap slightly, but Spiral remained the clear winner across all three tested swaps.
A7: Required conclusion | B7: We recommend the Spiral Model because it aggressively mitigates the severe medical and privacy risks inherent in an e-prescription platform operating over unreliable rural networks. However, if requirements become completely stable and regulatory bodies mandate strict sequential verification prior to code execution, the V-Model may become more appropriate.
